ROI_Level,campaigns,pct,avg_rev,avg_cost
Loss(<0),13357,24.04,118711.3592872651,975.6812952010182
Low(0-1),12212,21.98,278199.01572224044,333.72382083196857
Mid(1-3),13573,24.43,496070.8370293966,184.44689457010242
Good(3-5),6588,11.86,755962.5054644808,112.55814511232545
Great(5+),9825,17.69,1217294.6380661577,62.17559694656489
